,0
0,2019-07-29 00:00:00
1,2024-07-26 00:00:00
2,1824 days 00:00:00
3,88.0064829821718
4,1177613.5651578375
5,2537122.983
6,17.761356515783746
7,63.46407158430233
8,3.3950532871237282
9,29.922496685197164
10,0.11346156448246116
11,0.17743222993558547
12,0.060069256968098304
13,-56.51898256252411
14,-10.490616649846908
15,1257 days 00:00:00
16,131 days 00:00:00
17,12
18,41.66666666666667
19,63.77501407441526
20,-16.997825908028673
21,1.3729025610837997
22,301 days 00:00:00
23,134 days 00:00:00
24,1.5306012165595966
25,3.6338143409780783
26,0.1526305123953386
27,SmaCross
28,"                  Equity  DrawdownPct DrawdownDuration
2019-07-29  1.000000e+06     0.000000              NaT
2019-07-30  1.000000e+06     0.000000              NaT
2019-07-31  1.000000e+06     0.000000              NaT
2019-08-01  1.000000e+06     0.000000              NaT
2019-08-02  1.000000e+06     0.000000              NaT
...                  ...          ...              ...
2024-07-22  1.296289e+06     0.489071              NaT
2024-07-23  1.276846e+06     0.496735              NaT
2024-07-24  1.252606e+06     0.506289              NaT
2024-07-25  1.188623e+06     0.531508              NaT
2024-07-26  1.177614e+06     0.535847        1257 days

[1234 rows x 3 columns]"
29,"    Size  EntryBar  ExitBar   EntryPrice    ExitPrice            PnL  \
0  -1459       148      247   685.127000   429.000000  373689.293000   
1   3195       247      445   429.858000   704.000000  875883.690000   
2  -3201       445      463   702.592000   735.900024 -106618.986149   
3   2906       463      576   737.371824   669.000000 -198688.521889   
4  -2912       576      635   667.662000   781.150024 -330477.127094   
5   2061       635      695   782.712324   659.750000 -253425.350718   
6  -2066       695      762   658.430500   753.900024 -197240.037439   
7   1539       762      893   755.407824   849.750000  145192.608152   
8  -1542       893      949   848.050500   930.799988 -127599.710177   
9   1265       949     1152   932.661588  1029.000000  121868.091473   
10 -1268      1152     1188  1026.942000  1142.000000 -145893.544000   
11  1010      1188     1233  1144.284000  1165.000000   20923.160000   

    ReturnPct  EntryTime   ExitTime Duration  
0    0.373839 2020-03-05 2020-07-31 148 days  
1    0.637750 2020-07-31 2021-05-19 292 days  
2   -0.047407 2021-05-19 2021-06-14  26 days  
3   -0.092724 2021-06-14 2021-11-26 165 days  
4   -0.169978 2021-11-26 2022-02-18  84 days  
5   -0.157098 2022-02-18 2022-05-20  91 days  
6   -0.144996 2022-05-20 2022-08-25  97 days  
7    0.124889 2022-08-25 2023-03-03 190 days  
8   -0.097576 2023-03-03 2023-05-30  88 days  
9    0.103294 2023-05-30 2024-03-26 301 days  
10  -0.112039 2024-03-26 2024-05-22  57 days  
11   0.018104 2024-05-22 2024-07-26  65 days  "
30,2019-07-29 00:00:00
31,2024-07-26 00:00:00
32,1824 days 00:00:00
33,86.709886547812
34,1096851.808331543
35,1362786.6546166993
36,9.68518083315431
37,108.74518327679641
38,1.90576935873632
39,35.433679064183565
40,0.053784123158203904
41,0.08164325148959939
42,0.0347813815895789
43,-54.792802115351314
44,-12.212408637874496
45,771 days 00:00:00
46,121 days 00:00:00
47,10
48,40.0
49,64.13530148433537
50,-36.37869381330905
51,0.9295820251716158
52,280 days 00:00:00
53,158 days 00:00:00
54,1.5758993698914008
55,3.5743452369138584
56,0.15337594248023514
57,SmaCross
58,"                  Equity  DrawdownPct DrawdownDuration
2019-07-29  1.000000e+06     0.000000              NaT
2019-07-30  1.000000e+06     0.000000              NaT
2019-07-31  1.000000e+06     0.000000              NaT
2019-08-01  1.000000e+06     0.000000              NaT
2019-08-02  1.000000e+06     0.000000              NaT
...                  ...          ...              ...
2024-07-22  1.131161e+06     0.169965              NaT
2024-07-23  1.105388e+06     0.188877              NaT
2024-07-24  1.085716e+06     0.203312              NaT
2024-07-25  1.092375e+06     0.198426              NaT
2024-07-26  1.096852e+06     0.195140         771 days

[1234 rows x 3 columns]"
59,"   Size  EntryBar  ExitBar   EntryPrice    ExitPrice            PnL  \
0  -419       164      241  2385.269949  3253.000000 -363578.891482   
1   195       241      432  3259.506000  5350.000000  407646.330000   
2  -195       432      457  5339.300000  5915.000000 -112261.500000   
3   157       457      596  5926.830000  6984.899902  166116.974668   
4  -157       596      759  6970.930103  7261.000000  -45540.973901   
5   144       759      832  7275.522000  6724.950195  -79282.339875   
6  -144       832      944  6711.500295  6810.049805  -14191.129406   
7   140       944     1084  6823.669904  7368.500000   76276.213398   
8  -140      1084     1188  7353.763000  6777.450195   80683.792656   
9   164      1188     1233  6791.005096  6675.049805  -19016.667727   

   ReturnPct  EntryTime   ExitTime Duration  
0  -0.363787 2020-03-30 2020-07-23 115 days  
1   0.641353 2020-07-23 2021-04-29 280 days  
2  -0.107823 2021-04-29 2021-06-04  36 days  
3   0.178522 2021-06-04 2021-12-24 203 days  
4  -0.041611 2021-12-24 2022-08-22 241 days  
5  -0.075675 2022-08-22 2022-12-07 107 days  
6  -0.014684 2022-12-07 2023-05-23 167 days  
7   0.079844 2023-05-23 2023-12-14 205 days  
8   0.078370 2023-12-14 2024-05-22 160 days  
9  -0.017075 2024-05-22 2024-07-26  65 days  "
60,2019-07-29 00:00:00
61,2024-07-26 00:00:00
62,1824 days 00:00:00
63,85.41329011345219
64,889109.2185291136
65,1022935.9638604126
66,-11.089078147088644
67,361.16660313186014
68,-2.3716560279795296
69,23.869053567055513
70,0.0
71,0.0
72,0.0
73,-51.965303708689994
74,-51.965303708689994
75,1550 days 00:00:00
76,1550 days 00:00:00
77,14
78,35.714285714285715
79,80.26594163792728
80,-20.107695566188276
81,-0.8380783167939998
82,429 days 00:00:00
83,111 days 00:00:00
84,1.2028668121072397
85,1.3075949556098667
86,-0.21093472384131015
87,SmaCross
88,"                    Equity  DrawdownPct DrawdownDuration
2019-07-29  1000000.000000     0.000000              NaT
2019-07-30  1000000.000000     0.000000              NaT
2019-07-31  1000000.000000     0.000000              NaT
2019-08-01  1000000.000000     0.000000              NaT
2019-08-02  1000000.000000     0.000000              NaT
...                    ...          ...              ...
2024-07-22   898396.183495     0.121747              NaT
2024-07-23   898580.038597     0.121568              NaT
2024-07-24   892143.538597     0.127860              NaT
2024-07-25   888434.933495     0.131485              NaT
2024-07-26   889109.218529     0.130826        1550 days

[1234 rows x 3 columns]"
89,"    Size  EntryBar  ExitBar  EntryPrice    ExitPrice            PnL  \
0  -2049       180      198  487.893687   585.997864 -201015.459052   
1   1360       198      272  587.169859   521.705017  -89032.185674   
2  -1363       272      350  520.661607   510.515076   13829.722260   
3   1414       350      427  511.536106   520.232605   12296.849792   
4  -1417       427      495  519.192140   563.519897  -62812.432647   
5   1192       495      617  564.646937   690.299988  149778.436240   
6  -1194       617      635  688.919388   712.049988  -27617.936371   
7   1114       635      650  713.474088   688.150024  -28211.006577   
8  -1117       650      666  686.773724   764.000000  -86261.749884   
9    889       666      709  765.528000   660.000000  -93814.392000   
10  -891       709      770  658.680000   755.500000  -86266.620000   
11   661       770      870  757.011000   775.000000   11890.729000   
12  -662       870      945  773.450000   802.900024  -19495.916162   
13   613       945     1233  804.505824  1450.250000  395841.179604   

    ReturnPct  EntryTime   ExitTime Duration  
0   -0.201077 2020-04-27 2020-05-22  25 days  
1   -0.111492 2020-05-22 2020-09-04 105 days  
2    0.019488 2020-09-04 2020-12-28 115 days  
3    0.017001 2020-12-28 2021-04-22 115 days  
4   -0.085378 2021-04-22 2021-07-29  98 days  
5    0.222534 2021-07-29 2022-01-24 179 days  
6   -0.033575 2022-01-24 2022-02-18  25 days  
7   -0.035494 2022-02-18 2022-03-14  24 days  
8   -0.112448 2022-03-14 2022-04-06  23 days  
9   -0.137850 2022-04-06 2022-06-09  64 days  
10  -0.146991 2022-06-09 2022-09-07  90 days  
11   0.023763 2022-09-07 2023-01-31 146 days  
12  -0.038076 2023-01-31 2023-05-24 113 days  
13   0.802659 2023-05-24 2024-07-26 429 days  "
90,2019-07-29 00:00:00
91,2024-07-26 00:00:00
92,1824 days 00:00:00
93,87.19611021069692
94,795162.9862211915
95,1314168.7477832031
96,-20.483701377880852
97,222.09364437971374
98,-4.572892611537327
99,26.886757000473704
100,0.0
101,0.0
102,0.0
103,-42.70161920903549
104,-11.945917603537005
105,1036 days 00:00:00
106,158 days 00:00:00
107,11
108,36.36363636363637
109,62.04524748412581
110,-39.09318031468014
111,-2.064699056074748
112,335 days 00:00:00
113,145 days 00:00:00
114,1.0871428253381754
115,0.750920258624182
116,-0.30263364467178017
117,SmaCross
118,"                    Equity  DrawdownPct DrawdownDuration
2019-07-29  1000000.000000     0.000000              NaT
2019-07-30  1000000.000000     0.000000              NaT
2019-07-31  1000000.000000     0.000000              NaT
2019-08-01  1000000.000000     0.000000              NaT
2019-08-02  1000000.000000     0.000000              NaT
...                    ...          ...              ...
2024-07-22   813924.039688     0.380655              NaT
2024-07-23   798411.539688     0.392459              NaT
2024-07-24   809106.057510     0.384321              NaT
2024-07-25   806259.039688     0.386487              NaT
2024-07-26   795162.986221     0.394931        1036 days

[1234 rows x 3 columns]"
119,"    Size  EntryBar  ExitBar   EntryPrice    ExitPrice            PnL  \
0  -2423       158      217   412.673000   574.000000 -390895.321000   
1   1059       217      446   575.148000   932.000000  377906.268000   
2  -1061       446      482   930.136000   972.000000  -44417.704000   
3    967       482      588   973.944000  1156.000000  176048.152000   
4   -969       588      613  1153.688000  1269.949951 -112657.830686   
5    790       613      643  1272.489851  1125.000000 -116516.982349   
6   -792       643      808  1122.750000  1064.949951   45777.638672   
7    876       808      923  1067.079851  1054.000000  -11457.949541   
8   -878       923      963  1051.892000  1148.199951  -84558.381129   
9    729       963     1178  1150.496351  1347.949951  143943.674471   
10  -730      1178     1233  1345.254051  1602.800049 -188008.578218   

    ReturnPct  EntryTime   ExitTime Duration  
0   -0.390932 2020-03-20 2020-06-19  91 days  
1    0.620452 2020-06-19 2021-05-20 335 days  
2   -0.045008 2021-05-20 2021-07-09  50 days  
3    0.186927 2021-07-09 2021-12-14 158 days  
4   -0.100774 2021-12-14 2022-01-18  35 days  
5   -0.115907 2022-01-18 2022-03-03  44 days  
6    0.051481 2022-03-03 2022-11-02 244 days  
7   -0.012258 2022-11-02 2023-04-21 170 days  
8   -0.091557 2023-04-21 2023-06-19  59 days  
9    0.171625 2023-06-19 2024-05-07 323 days  
10  -0.191448 2024-05-07 2024-07-26  80 days  "
120,2019-07-29 00:00:00
121,2024-07-26 00:00:00
122,1824 days 00:00:00
123,88.6547811993517
124,1019346.0474860842
125,1709758.7748356932
126,1.9346047486084164
127,44.2008634504098
128,0.3920668648349057
129,24.06779438042844
130,0.01629010363964753
131,0.02433635179855978
132,0.008730798505897728
133,-44.90618636658047
134,-6.050698418943026
135,1256 days 00:00:00
136,94 days 00:00:00
137,14
138,35.714285714285715
139,32.423838899142595
140,-13.902307347591202
141,0.13557750878361308
142,294 days 00:00:00
143,116 days 00:00:00
144,1.1864154943211052
145,0.671076779151789
146,0.03982165717140905
147,SmaCross
148,"                  Equity  DrawdownPct DrawdownDuration
2019-07-29  1.000000e+06     0.000000              NaT
2019-07-30  1.000000e+06     0.000000              NaT
2019-07-31  1.000000e+06     0.000000              NaT
2019-08-01  1.000000e+06     0.000000              NaT
2019-08-02  1.000000e+06     0.000000              NaT
...                  ...          ...              ...
2024-07-22  1.043190e+06     0.389861              NaT
2024-07-23  1.027855e+06     0.398830              NaT
2024-07-24  1.018743e+06     0.404160              NaT
2024-07-25  1.026712e+06     0.399499              NaT
2024-07-26  1.019346e+06     0.403807        1256 days

[1234 rows x 3 columns]"
149,"    Size  EntryBar  ExitBar   EntryPrice    ExitPrice            PnL  \
0   -828       140      234  1206.532051  1062.599976  119175.758666   
1   1051       234      435  1064.725176  1409.949951  362831.239192   
2  -1053       435      482  1407.130051  1512.550049 -111007.257429   
3    904       482      592  1515.575149  1452.000000  -57471.934629   
4   -906       592      756  1449.096000  1500.000000  -46119.024000   
5    843       756      910  1503.000000  1584.000000   68283.000000   
6   -844       910      933  1580.832000  1635.000000  -45717.792000   
7    787       933      972  1638.270000  1712.500000   58419.010000   
8   -788       972      973  1709.075000  1723.449951  -11327.461523   
9    774       973     1013  1726.896851  1603.949951  -95160.900524   
10  -775      1013     1094  1600.742051  1697.000000  -74599.910266   
11   686      1094     1130  1700.394000  1464.000000 -162166.284000   
12  -687      1130     1193  1461.072000  1518.000000  -39109.536000   
13   635      1193     1233  1521.036000  1605.000000   53317.140000   

    ReturnPct  EntryTime   ExitTime Duration  
0    0.119294 2020-02-24 2020-07-14 141 days  
1    0.324238 2020-07-14 2021-05-04 294 days  
2   -0.074918 2021-05-04 2021-07-09  66 days  
3   -0.041948 2021-07-09 2021-12-20 164 days  
4   -0.035128 2021-12-20 2022-08-17 240 days  
5    0.053892 2022-08-17 2023-03-29 224 days  
6   -0.034266 2023-03-29 2023-05-08  40 days  
7    0.045310 2023-05-08 2023-07-03  56 days  
8   -0.008411 2023-07-03 2023-07-04   1 days  
9   -0.071195 2023-07-04 2023-08-30  57 days  
10  -0.060133 2023-08-30 2023-12-29 121 days  
11  -0.139023 2023-12-29 2024-02-21  54 days  
12  -0.038963 2024-02-21 2024-05-29  98 days  
13   0.055202 2024-05-29 2024-07-26  58 days  "
150,2019-07-29 00:00:00
151,2024-07-26 00:00:00
152,1824 days 00:00:00
153,90.6807131280389
154,456415.69980371074
155,1008103.6799999999
156,-54.35843001962893
157,58.2355671257027
158,-14.80057153955283
159,19.970044500391676
160,0.0
161,0.0
162,0.0
163,-60.402879413781065
164,-30.769037017925694
165,1638 days 00:00:00
166,827 days 00:00:00
167,18
168,22.22222222222222
169,9.454294026326426
170,-13.04536199866142
171,-4.271479590371041
172,210 days 00:00:00
173,92 days 00:00:00
174,0.23867005755217607
175,-4.068230295232244
176,-2.9207979528451653
177,SmaCross
178,"                    Equity  DrawdownPct DrawdownDuration
2019-07-29  1000000.000000     0.000000              NaT
2019-07-30  1000000.000000     0.000000              NaT
2019-07-31  1000000.000000     0.000000              NaT
2019-08-01  1000000.000000     0.000000              NaT
2019-08-02  1000000.000000     0.000000              NaT
...                    ...          ...              ...
2024-07-22   458302.807958     0.545381              NaT
2024-07-23   463488.166112     0.540238              NaT
2024-07-24   455255.057958     0.548405              NaT
2024-07-25   453610.091649     0.550036              NaT
2024-07-26   456415.699804     0.547253        1638 days

[1234 rows x 3 columns]"
179,"    Size  EntryBar  ExitBar   EntryPrice    ExitPrice            PnL  \
0   -487       115      138  2050.890000  2250.199951  -97063.946221   
1    400       138      212  2254.700351  2065.250000  -75780.140430   
2   -401       212      240  2061.119500  2330.000000 -107821.080500   
3    308       240      292  2334.660000  2100.000000  -72275.280000   
4   -308       292      340  2095.800000  2366.250000  -83298.600000   
5    237       340      404  2370.982500  2221.350098  -35462.879355   
6   -238       404      430  2216.907397  2363.000000  -34770.039404   
7    208       430      573  2367.726000  2387.800049    4175.402156   
8   -208       573      704  2383.024449  2295.000000   18309.085336   
9    224       704      823  2299.590000  2517.000000   48699.840000   
10  -224       823      854  2511.966000  2580.000000  -15239.616000   
11   212       854      884  2585.160000  2518.000000  -14237.920000   
12  -212       884      947  2512.964000  2603.750000  -19246.632000   
13   197       947     1013  2608.957500  2526.149902  -16313.096738   
14  -198      1013     1093  2521.097603  2613.850098  -18364.994033   
15   183      1093     1128  2619.077798  2389.500000  -42012.737007   
16  -184      1128     1207  2384.721000  2495.000000  -20291.336000   
17   167      1207     1233  2499.990000  2724.000000   37409.670000   

    ReturnPct  EntryTime   ExitTime Duration  
0   -0.097182 2020-01-17 2020-02-19  33 days  
1   -0.084025 2020-02-19 2020-06-12 114 days  
2   -0.130454 2020-06-12 2020-07-22  40 days  
3   -0.100511 2020-07-22 2020-10-05  75 days  
4   -0.129044 2020-10-05 2020-12-11  67 days  
5   -0.063110 2020-12-11 2021-03-16  95 days  
6   -0.065899 2021-03-16 2021-04-27  42 days  
7    0.008478 2021-04-27 2021-11-23 210 days  
8    0.036938 2021-11-23 2022-06-02 191 days  
9    0.094543 2022-06-02 2022-11-24 175 days  
10  -0.027084 2022-11-24 2023-01-06  43 days  
11  -0.025979 2023-01-06 2023-02-20  45 days  
12  -0.036127 2023-02-20 2023-05-26  95 days  
13  -0.031740 2023-05-26 2023-08-30  96 days  
14  -0.036791 2023-08-30 2023-12-28 120 days  
15  -0.087656 2023-12-28 2024-02-19  53 days  
16  -0.046244 2024-02-19 2024-06-19 121 days  
17   0.089604 2024-06-19 2024-07-26  37 days  "
180,2019-07-29 00:00:00
181,2024-07-26 00:00:00
182,1824 days 00:00:00
183,87.3581847649919
184,2073898.0452435303
185,2372004.182732178
186,107.38980452435302
187,181.1691939002374
188,16.062628803633473
189,33.52691757876472
190,0.4790964980868752
191,0.8986676231843906
192,0.5351613297430181
193,-30.014554323920727
194,-5.2608940182524755
195,1005 days 00:00:00
196,68 days 00:00:00
197,8
198,50.0
199,93.87975313368058
200,-9.164837557979633
201,9.547160479558482
202,595 days 00:00:00
203,199 days 00:00:00
204,5.1124046256835936
205,13.036202314932389
206,0.9894513192432652
207,SmaCross
208,"                  Equity  DrawdownPct DrawdownDuration
2019-07-29  1.000000e+06     0.000000              NaT
2019-07-30  1.000000e+06     0.000000              NaT
2019-07-31  1.000000e+06     0.000000              NaT
2019-08-01  1.000000e+06     0.000000              NaT
2019-08-02  1.000000e+06     0.000000              NaT
...                  ...          ...              ...
2024-07-22  2.163001e+06     0.088112              NaT
2024-07-23  2.137917e+06     0.098688              NaT
2024-07-24  2.131384e+06     0.101442              NaT
2024-07-25  2.087660e+06     0.119875              NaT
2024-07-26  2.073898e+06     0.125677        1005 days

[1234 rows x 3 columns]"
209,"   Size  EntryBar  ExitBar  EntryPrice    ExitPrice            PnL  ReturnPct  \
0 -2714       156      244  368.361806   361.100006   19708.525167   0.019714   
1  2818       244      651  361.822206   701.500000  957212.023166   0.938798   
2 -2823       651      736  700.097000   759.250000 -166988.919000  -0.084493   
3  2379       736      867  760.768500   873.299988  267712.409459   0.147918   
4 -2383       867      933  871.553388   927.000000 -132129.276831  -0.063618   
5  2094       933     1052  928.854000   916.000000  -26916.276000  -0.013839   
6 -2098      1052     1092  914.168000   997.950012 -175774.661610  -0.091648   
7  1742      1092     1233  999.945912  1190.000000  331074.220893   0.190064   

   EntryTime   ExitTime Duration  
0 2020-03-18 2020-07-28 132 days  
1 2020-07-28 2022-03-15 595 days  
2 2022-03-15 2022-07-18 125 days  
3 2022-07-18 2023-01-25 191 days  
4 2023-01-25 2023-05-08 103 days  
5 2023-05-08 2023-10-27 172 days  
6 2023-10-27 2023-12-27  61 days  
7 2023-12-27 2024-07-26 212 days  "
210,2019-07-29 00:00:00
211,2024-07-26 00:00:00
212,1824 days 00:00:00
213,89.87034035656401
214,738879.9059179688
215,1658871.9136416016
216,-26.112009408203118
217,137.39970881731074
218,-5.99283634878941
219,26.372979279685193
220,0.0
221,0.0
222,0.0
223,-58.230820501228166
224,-6.259187284230304
225,921 days 00:00:00
226,64 days 00:00:00
227,15
228,33.33333333333333
229,133.20911808721198
230,-21.366669055330778
231,-1.9976060683748242
232,617 days 00:00:00
233,110 days 00:00:00
234,1.2379827302685524
235,2.056076383187462
236,-0.2612957141376091
237,SmaCross
238,"                    Equity  DrawdownPct DrawdownDuration
2019-07-29  1000000.000000     0.000000              NaT
2019-07-30  1000000.000000     0.000000              NaT
2019-07-31  1000000.000000     0.000000              NaT
2019-08-01  1000000.000000     0.000000              NaT
2019-08-02  1000000.000000     0.000000              NaT
...                    ...          ...              ...
2024-07-22   733021.905918     0.558120              NaT
2024-07-23   743546.125645     0.551776              NaT
2024-07-24   742354.296055     0.552495              NaT
2024-07-25   738677.905918     0.554711              NaT
2024-07-26   738879.905918     0.554589         921 days

[1234 rows x 3 columns]"
239,"    Size  EntryBar  ExitBar   EntryPrice    ExitPrice            PnL  \
0   1278       125      162   782.111088   615.000000 -213567.970168   
1  -1281       162      223   613.770000   735.400024 -155808.061274   
2    855       223      646   736.870824  1718.449951  839250.153336   
3   -857       646      666  1715.013051  1855.000000 -119968.815062   
4    726       666      677  1858.710000  1572.800049 -207570.624551   
5   -727       677      767  1569.654449  1478.000000   66632.784227   
6    816       767      792  1480.956000  1426.349976  -44558.515922   
7   -817       792      824  1423.497276  1631.400024 -169856.545753   
8    608       824      891  1634.662824  1492.400024  -86495.782430   
9   -609       891      994  1489.415224  1369.300049   73150.141902   
10   715       994     1079  1372.038649  1472.849976   72080.098562   
11  -716      1079     1087  1469.904276  1570.099976  -71740.121165   
12   623      1087     1168  1573.240176  1419.900024  -95530.914150   
13  -625      1168     1227  1417.060224  1719.000000 -188712.359772   
14   404      1227     1233  1722.438000  1825.349976   41576.438137   

    ReturnPct  EntryTime   ExitTime Duration  
0   -0.213667 2020-01-31 2020-03-26  55 days  
1   -0.198169 2020-03-26 2020-06-29  95 days  
2    1.332091 2020-06-29 2022-03-08 617 days  
3   -0.081624 2022-03-08 2022-04-06  29 days  
4   -0.153822 2022-04-06 2022-04-25  19 days  
5    0.058391 2022-04-25 2022-09-02 130 days  
6   -0.036872 2022-09-02 2022-10-10  38 days  
7   -0.146051 2022-10-10 2022-11-25  46 days  
8   -0.087029 2022-11-25 2023-03-01  96 days  
9    0.080646 2023-03-01 2023-08-02 154 days  
10   0.073476 2023-08-02 2023-12-07 127 days  
11  -0.068165 2023-12-07 2023-12-19  12 days  
12  -0.097468 2023-12-19 2024-04-22 125 days  
13  -0.213075 2024-04-22 2024-07-18  87 days  
14   0.059748 2024-07-18 2024-07-26   8 days  "
240,2019-07-29 00:00:00
241,2024-07-26 00:00:00
242,1824 days 00:00:00
243,81.68557536466776
244,661817.3910635682
245,1013135.2889210511
246,-33.818260893643185
247,87.56302976919936
248,-8.083762895632296
249,19.01759676968191
250,0.0
251,0.0
252,0.0
253,-48.880779914656316
254,-48.880779914656316
255,1484 days 00:00:00
256,1484 days 00:00:00
257,13
258,30.76923076923077
259,34.75400786504708
260,-25.25050100200401
261,-3.1251399700976235
262,301 days 00:00:00
263,115 days 00:00:00
264,0.738085404891732
265,-1.9506580487369196
266,-0.8703369709760019
267,SmaCross
268,"                    Equity  DrawdownPct DrawdownDuration
2019-07-29  1000000.000000     0.000000              NaT
2019-07-30  1000000.000000     0.000000              NaT
2019-07-31  1000000.000000     0.000000              NaT
2019-08-01  1000000.000000     0.000000              NaT
2019-08-02  1000000.000000     0.000000              NaT
...                    ...          ...              ...
2024-07-22   624994.891064     0.383108              NaT
2024-07-23   659340.273754     0.349208              NaT
2024-07-24   661817.391064     0.346763              NaT
2024-07-25   656327.523754     0.352182              NaT
2024-07-26   661817.391064     0.346763        1484 days

[1234 rows x 3 columns]"
269,"    Size  EntryBar  ExitBar  EntryPrice   ExitPrice            PnL  ReturnPct  \
0   4881       226      288  204.858897  171.000000 -165265.275975  -0.165279   
1  -4891       288      343  170.658000  213.750000 -210762.972000  -0.252505   
2   2913       343      428  214.177500  204.250000  -28918.807500  -0.046352   
3  -2919       428      518  203.841500  211.000000  -20895.661500  -0.035118   
4   2715       518      602  211.422000  218.050003   17995.028286   0.031350   
5  -2721       602      655  217.613903  244.550003  -73293.128117  -0.123779   
6   2117       655      861  245.039103  330.200012  180285.644669   0.347540   
7  -2121       861      876  329.539612  374.750000  -95891.232561  -0.137193   
8   1606       876     1032  375.499500  442.450012  107522.522604   0.178297   
9  -1609      1032     1095  441.565112  463.500000  -35293.234498  -0.049675   
10  1454      1095     1134  464.427000  410.000000  -79136.858000  -0.117192   
11 -1457      1134     1197  409.180000  426.000000  -24506.740000  -0.041107   
12  1339      1197     1233  426.852000  494.049988   89978.105655   0.157427   

    EntryTime   ExitTime Duration  
0  2020-07-02 2020-09-28  88 days  
1  2020-09-28 2020-12-16  79 days  
2  2020-12-16 2021-04-23 128 days  
3  2021-04-23 2021-09-01 131 days  
4  2021-09-01 2022-01-03 124 days  
5  2022-01-03 2022-03-22  78 days  
6  2022-03-22 2023-01-17 301 days  
7  2023-01-17 2023-02-08  22 days  
8  2023-02-08 2023-09-27 231 days  
9  2023-09-27 2024-01-01  96 days  
10 2024-01-01 2024-02-27  57 days  
11 2024-02-27 2024-06-04  98 days  
12 2024-06-04 2024-07-26  52 days  "
270,2019-07-29 00:00:00
271,2024-07-26 00:00:00
272,1824 days 00:00:00
273,87.43922204213939
274,434446.1752304684
275,1209204.554
276,-56.55538247695316
277,20.722128158797837
278,-15.654584857428377
279,23.108725663219456
280,0.0
281,0.0
282,0.0
283,-64.31481606872984
284,-34.96820263213313
285,1586 days 00:00:00
286,796 days 00:00:00
287,16
288,25.0
289,13.372243495299085
290,-15.48942137965048
291,-5.083327249455261
292,165 days 00:00:00
293,100 days 00:00:00
294,0.2054668298192047
295,-4.839416250819799
296,-2.261981953334421
297,SmaCross
298,"                    Equity  DrawdownPct DrawdownDuration
2019-07-29  1000000.000000     0.000000              NaT
2019-07-30  1000000.000000     0.000000              NaT
2019-07-31  1000000.000000     0.000000              NaT
2019-08-01  1000000.000000     0.000000              NaT
2019-08-02  1000000.000000     0.000000              NaT
...                    ...          ...              ...
2024-07-22   434310.343321     0.640830              NaT
2024-07-23   437113.787291     0.638511              NaT
2024-07-24   431506.869200     0.643148              NaT
2024-07-25   438657.537291     0.637235              NaT
2024-07-26   434446.175230     0.640717        1586 days

[1234 rows x 3 columns]"
299,"    Size  EntryBar  ExitBar   EntryPrice    ExitPrice            PnL  \
0   -719       155      240  1389.216000  1365.000000   17411.304000   
1    743       240      303  1367.730000  1371.699951    2949.673721   
2   -745       303      313  1368.956551  1581.000000 -157972.369304   
3    544       313      419  1584.162000  1796.000000  115239.872000   
4   -545       419      530  1792.408000  1990.000000 -107687.640000   
5    436       530      603  1993.980000  1830.000000  -71495.280000   
6   -437       603      714  1826.340000  1742.000000   36856.580000   
7    478       714      728  1745.484000  1682.000000  -30345.352000   
8   -479       728      762  1678.636000  1875.099976  -94106.244306   
9    378       762      858  1878.850176  1807.000000  -27159.366353   
10  -379       858      933  1803.386000  1935.900024  -50222.815253   
11   326       933     1000  1939.771824  1825.750000  -37171.114775   
12  -327      1000     1092  1822.098500  1894.000000  -23511.790500   
13   301      1092     1137  1897.788000  1695.500000  -60888.688000   
14  -302      1137     1221  1692.109000  1861.199951  -51065.467254   
15   247      1221     1233  1864.922351  1758.099976  -26385.126746   

    ReturnPct  EntryTime   ExitTime Duration  
0    0.017431 2020-03-17 2020-07-22 127 days  
1    0.002903 2020-07-22 2020-10-20  90 days  
2   -0.154894 2020-10-20 2020-11-03  14 days  
3    0.133722 2020-11-03 2021-04-08 156 days  
4   -0.110238 2021-04-08 2021-09-20 165 days  
5   -0.082238 2021-09-20 2022-01-04 106 days  
6    0.046180 2022-01-04 2022-06-16 163 days  
7   -0.036370 2022-06-16 2022-07-06  20 days  
8   -0.117038 2022-07-06 2022-08-25  50 days  
9   -0.038242 2022-08-25 2023-01-12 140 days  
10  -0.073481 2023-01-12 2023-05-08 116 days  
11  -0.058781 2023-05-08 2023-08-10  94 days  
12  -0.039461 2023-08-10 2023-12-27 139 days  
13  -0.106591 2023-12-27 2024-03-01  65 days  
14  -0.099929 2024-03-01 2024-07-09 130 days  
15  -0.057280 2024-07-09 2024-07-26  17 days  "
300,2022-05-17 00:00:00
301,2024-07-26 00:00:00
302,801 days 00:00:00
303,71.77121771217713
304,780974.8800810548
305,1109067.4651591796
306,-21.902511991894524
307,35.315621318016284
308,-10.858040204049358
309,26.405284059119506
310,0.0
311,0.0
312,0.0
313,-53.97373053335486
314,-27.62902745661233
315,570 days 00:00:00
316,288 days 00:00:00
317,5
318,20.0
319,43.363088865425745
320,-32.34938933241074
321,-4.8283251091952195
322,225 days 00:00:00
323,116 days 00:00:00
324,0.81486125308666
325,-1.9704429200495885
326,-0.5478435555866716
327,SmaCross
328,"                    Equity  DrawdownPct DrawdownDuration
2022-05-17  1000000.000000     0.000000              NaT
2022-05-18  1000000.000000     0.000000              NaT
2022-05-19  1000000.000000     0.000000              NaT
2022-05-20  1000000.000000     0.000000              NaT
2022-05-23  1000000.000000     0.000000              NaT
...                    ...          ...              ...
2024-07-22   753303.847366     0.320777              NaT
2024-07-23   728480.396438     0.343160              NaT
2024-07-24   777993.412796     0.298516              NaT
2024-07-25   778227.896438     0.298304              NaT
2024-07-26   780974.880081     0.295827         570 days

[542 rows x 3 columns]"
329,"   Size  EntryBar  ExitBar  EntryPrice    ExitPrice            PnL  ReturnPct  \
0  1509       153      200  662.322000   601.900024  -91176.761159  -0.091227   
1 -1512       200      275  600.696224   643.000000  -63963.308760  -0.070425   
2  1311       275      369  644.286000   614.000000  -39704.946000  -0.047007   
3 -1313       369      392  612.772000   811.000000 -260273.364000  -0.323494   
4   670       392      541  812.622000  1165.000000  236093.260000   0.433631   

   EntryTime   ExitTime Duration  
0 2022-12-26 2023-03-02  66 days  
1 2023-03-02 2023-06-23 113 days  
2 2023-06-23 2023-11-09 139 days  
3 2023-11-09 2023-12-14  35 days  
4 2023-12-14 2024-07-26 225 days  "
330,2019-07-29 00:00:00
331,2024-07-26 00:00:00
332,1824 days 00:00:00
333,80.6320907617504
334,1586746.3126464842
335,1789359.6178222655
336,58.674631264648426
337,168.3120599594422
338,9.887027535670324
339,25.699981363869128
340,0.3847095216018411
341,0.6074579963128393
342,0.2730969868690835
343,-36.203356357095
344,-4.092340379049304
345,986 days 00:00:00
346,45 days 00:00:00
347,9
348,33.33333333333333
349,91.55237911274226
350,-25.67498975968938
351,5.265847991602235
352,665 days 00:00:00
353,163 days 00:00:00
354,2.662689938779722
355,8.982293882471309
356,0.6653566101678049
357,SmaCross
358,"                  Equity  DrawdownPct DrawdownDuration
2019-07-29  1.000000e+06     0.000000              NaT
2019-07-30  1.000000e+06     0.000000              NaT
2019-07-31  1.000000e+06     0.000000              NaT
2019-08-01  1.000000e+06     0.000000              NaT
2019-08-02  1.000000e+06     0.000000              NaT
...                  ...          ...              ...
2024-07-22  1.596557e+06     0.107750              NaT
2024-07-23  1.547001e+06     0.135444              NaT
2024-07-24  1.538873e+06     0.139987              NaT
2024-07-25  1.582442e+06     0.115638              NaT
2024-07-26  1.586746e+06     0.113232          53 days

[1234 rows x 3 columns]"
359,"   Size  EntryBar  ExitBar   EntryPrice    ExitPrice            PnL  \
0  1076       239      299   928.854000   897.000000  -34274.904000   
1 -1078       299      325   895.206000  1125.050049 -247771.884637   
2   636       325      440  1127.300149  1380.000000  160717.105283   
3  -637       440      472  1377.240000  1510.500000  -84886.620000   
4   524       472      651  1513.521000  1748.000000  122866.996000   
5  -525       651      755  1744.504000  1860.000000  -60635.400000   
6   459       755     1202  1863.720000  3570.000000  783182.520000   
7  -460      1202     1221  3562.860000  3650.000000  -40084.400000   
8   437      1221     1233  3657.300000  3629.000000  -12367.100000   

   ReturnPct  EntryTime   ExitTime Duration  
0  -0.034294 2020-07-21 2020-10-14  85 days  
1  -0.256750 2020-10-14 2020-11-19  36 days  
2   0.224164 2020-11-19 2021-05-11 173 days  
3  -0.096759 2021-05-11 2021-06-25  45 days  
4   0.154923 2021-06-25 2022-03-15 263 days  
5  -0.066206 2022-03-15 2022-08-16 154 days  
6   0.915524 2022-08-16 2024-06-11 665 days  
7  -0.024458 2024-06-11 2024-07-09  28 days  
8  -0.007738 2024-07-09 2024-07-26  17 days  "
360,2019-07-29 00:00:00
361,2024-07-26 00:00:00
362,1824 days 00:00:00
363,82.09076175040518
364,1781745.9035665893
365,1870275.0803244018
366,78.17459035665894
367,422.06452524106766
368,12.519087739076884
369,31.30162449695748
370,0.3999500965291351
371,0.7061361243186166
372,0.27451000272580006
373,-45.6052151643517
374,-7.8068422125081725
375,630 days 00:00:00
376,74 days 00:00:00
377,11
378,36.36363636363637
379,65.35338586809061
380,-22.220726471930185
381,5.394537716148373
382,320 days 00:00:00
383,136 days 00:00:00
384,2.3187099293506015
385,8.712317938930472
386,0.6860368265234529
387,SmaCross
388,"                  Equity  DrawdownPct DrawdownDuration
2019-07-29  1.000000e+06     0.000000              NaT
2019-07-30  1.000000e+06     0.000000              NaT
2019-07-31  1.000000e+06     0.000000              NaT
2019-08-01  1.000000e+06     0.000000              NaT
2019-08-02  1.000000e+06     0.000000              NaT
...                  ...          ...              ...
2024-07-22  1.771113e+06     0.053020              NaT
2024-07-23  1.781588e+06     0.047419              NaT
2024-07-24  1.771587e+06     0.052767              NaT
2024-07-25  1.775310e+06     0.050776              NaT
2024-07-26  1.781746e+06     0.047335          38 days

[1234 rows x 3 columns]"
389,"    Size  EntryBar  ExitBar   EntryPrice    ExitPrice            PnL  \
0   1957       221      440   510.919794   770.000000  507019.963368   
1  -1961       440      546   768.460000   888.000000 -234417.940000   
2   1430       546      617   889.776000   871.200012  -26563.662544   
3  -1433       617      688   869.457612   888.599976  -27431.006757   
4   1368       688      848   890.377176  1247.699951  488817.557068   
5  -1371       848      867  1245.204551  1324.900024 -109262.493681   
6   1203       867      910  1327.549824  1133.949951 -232900.647569   
7  -1206       910      959  1131.682051  1383.150024 -303270.375612   
8    766       959     1070  1385.916324  1556.599976  130743.676760   
9   -767      1070     1079  1553.486776  1703.000000 -114676.643088   
10   631      1079     1233  1706.406000  2821.600098  703687.475621   

    ReturnPct  EntryTime   ExitTime Duration  
0    0.507086 2020-06-25 2021-05-11 320 days  
1   -0.155558 2021-05-11 2021-10-12 154 days  
2   -0.020877 2021-10-12 2022-01-24 104 days  
3   -0.022016 2022-01-24 2022-05-11 107 days  
4    0.401316 2022-05-11 2022-12-29 232 days  
5   -0.064002 2022-12-29 2023-01-25  27 days  
6   -0.145832 2023-01-25 2023-03-29  63 days  
7   -0.222207 2023-03-29 2023-06-13  76 days  
8    0.123156 2023-06-13 2023-11-23 163 days  
9   -0.096244 2023-11-23 2023-12-07  14 days  
10   0.653534 2023-12-07 2024-07-26 232 days  "
390,2019-07-29 00:00:00
391,2024-07-26 00:00:00
392,1824 days 00:00:00
393,88.57374392220422
394,767652.0817089846
395,1435970.5817910158
396,-23.234791829101543
397,127.7131974881996
398,-5.25659772156315
399,24.485982592803424
400,0.0
401,0.0
402,0.0
403,-52.13670262397139
404,-14.11403756063159
405,1292 days 00:00:00
406,230 days 00:00:00
407,12
408,41.66666666666667
409,16.608887488181544
410,-13.86859059881913
411,-2.1992733656308605
412,256 days 00:00:00
413,135 days 00:00:00
414,0.6733042322209457
415,-1.732092115720028
416,-0.6935926448690364
417,SmaCross
418,"                    Equity  DrawdownPct DrawdownDuration
2019-07-29  1000000.000000     0.000000              NaT
2019-07-30  1000000.000000     0.000000              NaT
2019-07-31  1000000.000000     0.000000              NaT
2019-08-01  1000000.000000     0.000000              NaT
2019-08-02  1000000.000000     0.000000              NaT
...                    ...          ...              ...
2024-07-22   778098.331709     0.458138              NaT
2024-07-23   777354.119795     0.458656              NaT
2024-07-24   768704.331709     0.464680              NaT
2024-07-25   770043.293623     0.463747              NaT
2024-07-26   767652.081709     0.465412        1292 days

[1234 rows x 3 columns]"
419,"    Size  EntryBar  ExitBar    EntryPrice     ExitPrice            PnL  \
0   -154       141      231   6492.389103   6080.000000   63507.921791   
1    174       231      408   6092.160000   7104.000000  176060.160000   
2   -174       408      476   7089.792000   7500.000000  -71376.192000   
3    155       476      524   7515.000000   6750.000000 -118575.000000   
4   -155       524      558   6736.500000   7350.000000  -95092.500000   
5    129       558      670   7364.700000   7540.000000   22613.700000   
6   -129       670      726   7524.920000   8402.599609 -113220.669609   
7    102       726      846   8419.404809   8298.950195  -12286.370555   
8   -102       846      938   8282.352295   9242.000000  -97884.065918   
9     81       938     1107   9260.484000  10124.000000   69944.796000   
10   -81      1107     1133  10103.752000  11505.000000 -113501.088000   
11    61      1133     1233  11528.010000  12470.000000   57461.390000   

    ReturnPct  EntryTime   ExitTime Duration  
0    0.063519 2020-02-25 2020-07-09 135 days  
1    0.166089 2020-07-09 2021-03-22 256 days  
2   -0.057859 2021-03-22 2021-07-01 101 days  
3   -0.101796 2021-07-01 2021-09-09  70 days  
4   -0.091071 2021-09-09 2021-10-29  50 days  
5    0.023803 2021-10-29 2022-04-12 165 days  
6   -0.116636 2022-04-12 2022-07-04  83 days  
7   -0.014307 2022-07-04 2022-12-27 176 days  
8   -0.115867 2022-12-27 2023-05-15 139 days  
9    0.093247 2023-05-15 2024-01-17 247 days  
10  -0.138686 2024-01-17 2024-02-26  40 days  
11   0.081713 2024-02-26 2024-07-26 151 days  "
420,2019-07-29 00:00:00
421,2024-07-26 00:00:00
422,1824 days 00:00:00
423,80.95623987034035
424,1849328.3536161955
425,1849328.3536161955
426,84.93283536161955
427,211.31184469166158
428,13.377789740140965
429,30.25562104357078
430,0.4421588213600296
431,0.7244589765347269
432,0.30549140444114536
433,-43.79105122323752
434,-5.950977088849055
435,1041 days 00:00:00
436,52 days 00:00:00
437,11
438,36.36363636363637
439,121.19062602669742
440,-25.114439928159115
441,5.749701964619236
442,498 days 00:00:00
443,134 days 00:00:00
444,3.163096452389528
445,10.09272172156547
446,0.7860430631195906
447,SmaCross
448,"                  Equity  DrawdownPct DrawdownDuration
2019-07-29  1.000000e+06     0.000000              NaT
2019-07-30  1.000000e+06     0.000000              NaT
2019-07-31  1.000000e+06     0.000000              NaT
2019-08-01  1.000000e+06     0.000000              NaT
2019-08-02  1.000000e+06     0.000000              NaT
...                  ...          ...              ...
2024-07-22  1.748899e+06     0.046703              NaT
2024-07-23  1.790803e+06     0.023862              NaT
2024-07-24  1.838326e+06     0.000000          51 days
2024-07-25  1.836219e+06     0.001146              NaT
2024-07-26  1.849328e+06     0.000000           2 days

[1234 rows x 3 columns]"
449,"     Size  EntryBar  ExitBar  EntryPrice   ExitPrice           PnL  ReturnPct  \
0   11302       235      257   88.476603   87.349998 -1.273289e+04  -0.012733   
1  -11325       257      289   87.175298   88.500000 -1.500224e+04  -0.015196   
2   10964       289      296   88.677000   82.849998 -6.388724e+04  -0.065710   
3  -10986       296      341   82.684298  103.449997 -2.281320e+05  -0.251144   
4    6562       341      603  103.656897  127.000000  1.531774e+05   0.225196   
5   -6575       603      642  126.746000  132.800003 -3.980507e+04  -0.047765   
6    5964       642      743  133.065603  149.550003  9.831296e+04   0.123882   
7   -5976       743      764  149.250903  161.800003 -7.499342e+04  -0.084081   
8    5038       764      871  162.123603  172.250000  5.101679e+04   0.062461   
9   -5049       871      901  171.905500  178.199997 -3.178092e+04  -0.036616   
10   4682       901     1233  178.556397  394.950012  1.013155e+06   1.211906   

    EntryTime   ExitTime Duration  
0  2020-07-15 2020-08-14  30 days  
1  2020-08-14 2020-09-29  46 days  
2  2020-09-29 2020-10-09  10 days  
3  2020-10-09 2020-12-14  66 days  
4  2020-12-14 2022-01-04 386 days  
5  2022-01-04 2022-03-02  57 days  
6  2022-03-02 2022-07-27 147 days  
7  2022-07-27 2022-08-29  33 days  
8  2022-08-29 2023-02-01 156 days  
9  2023-02-01 2023-03-16  43 days  
10 2023-03-16 2024-07-26 498 days  "
450,2019-07-29 00:00:00
451,2024-07-26 00:00:00
452,1824 days 00:00:00
453,91.57212317666126
454,3173616.7109550163
455,3245293.2956995238
456,217.3616710955016
457,136.26647073954732
458,26.597291588526506
459,42.08934596638625
460,0.6319245637546343
461,1.227446767821989
462,0.5375310651450713
463,-49.48047343337879
464,-4.677745986343961
465,494 days 00:00:00
466,32 days 00:00:00
467,8
468,62.5
469,103.20848070451972
470,-30.751631866862073
471,15.530658400633946
472,588 days 00:00:00
473,209 days 00:00:00
474,4.915962050216921
475,21.33718892625798
476,1.2445942899156817
477,SmaCross
478,"                  Equity  DrawdownPct DrawdownDuration
2019-07-29  1.000000e+06     0.000000              NaT
2019-07-30  1.000000e+06     0.000000              NaT
2019-07-31  1.000000e+06     0.000000              NaT
2019-08-01  1.000000e+06     0.000000              NaT
2019-08-02  1.000000e+06     0.000000              NaT
...                  ...          ...              ...
2024-07-22  3.025550e+06     0.067711              NaT
2024-07-23  2.962834e+06     0.087037              NaT
2024-07-24  3.013761e+06     0.071344              NaT
2024-07-25  3.167015e+06     0.024121              NaT
2024-07-26  3.173617e+06     0.022086          84 days

[1234 rows x 3 columns]"
479,"    Size  EntryBar  ExitBar  EntryPrice   ExitPrice           PnL  ReturnPct  \
0  -7849       104      226  127.394702   81.349998  3.614049e+05   0.361433   
1  16701       226      272   81.512698   78.550003 -4.947998e+04  -0.036346   
2 -16735       272      342   78.392903  102.500000 -4.034323e+05  -0.307516   
3   8845       342      700  102.705000  155.000000  4.625493e+05   0.509177   
4  -8863       700      822  154.690000  135.550003  1.696378e+05   0.123731   
5  11343       822     1217  135.821103  276.000000  1.590049e+06   1.032085   
6 -11365      1217     1221  275.448000  300.799988 -2.881253e+05  -0.092039   
7   9431      1221     1233  301.401588  336.500000  3.310131e+05   0.116451   

   EntryTime   ExitTime Duration  
0 2020-01-02 2020-07-02 182 days  
1 2020-07-02 2020-09-04  64 days  
2 2020-09-04 2020-12-15 102 days  
3 2020-12-15 2022-05-27 528 days  
4 2022-05-27 2022-11-23 180 days  
5 2022-11-23 2024-07-03 588 days  
6 2024-07-03 2024-07-09   6 days  
7 2024-07-09 2024-07-26  17 days  "
480,2019-07-29 00:00:00
481,2024-07-26 00:00:00
482,1824 days 00:00:00
483,88.33063209076175
484,358269.1598386232
485,1345852.950703125
486,-64.17308401613768
487,172.58124726992813
488,-18.910737413216427
489,22.13968487944854
490,0.0
491,0.0
492,0.0
493,-74.1697641026693
494,-17.34962467835092
495,1586 days 00:00:00
496,320 days 00:00:00
497,18
498,22.22222222222222
499,28.445594041254086
500,-17.46207571869103
501,-5.553172181121202
502,201 days 00:00:00
503,90 days 00:00:00
504,0.34185791574278235
505,-4.970483161867349
506,-1.673403090025946
507,SmaCross
508,"                    Equity  DrawdownPct DrawdownDuration
2019-07-29  1000000.000000     0.000000              NaT
2019-07-30  1000000.000000     0.000000              NaT
2019-07-31  1000000.000000     0.000000              NaT
2019-08-01  1000000.000000     0.000000              NaT
2019-08-02  1000000.000000     0.000000              NaT
...                    ...          ...              ...
2024-07-22   360238.615649     0.732334              NaT
2024-07-23   357198.159839     0.734593              NaT
2024-07-24   359054.542407     0.733214              NaT
2024-07-25   358269.159839     0.733798              NaT
2024-07-26   358269.159839     0.733798        1586 days

[1234 rows x 3 columns]"
509,"    Size  EntryBar  ExitBar   EntryPrice    ExitPrice            PnL  \
0   -808       144      204  1236.351687  1408.497559 -139093.864238   
1    610       204      328  1411.314554  1812.771362  244888.653242   
2   -611       328      399  1809.145820  2001.524780 -117543.544984   
3    492       399      440  2005.527830  1767.544434 -117087.830950   
4   -493       440      465  1764.009345  2072.041992 -151860.095198   
5    346       465      602  2076.186076  2182.894287   36921.040984   
6   -347       602      665  2178.528499  2446.964355  -93147.242356   
7    270       665      740  2451.858284  2307.499268  -38976.934482   
8   -271       740      778  2302.884269  2306.760742   -1050.524222   
9    269       778      791  2311.374264  2228.721191  -22233.676439   
10  -270       791      828  2224.263749  2530.680420  -82732.501143   
11   204       828      872  2535.741781  2139.513184  -80830.633822   
12  -204       872      948  2135.234157  2326.882080  -39096.176262   
13   170       948     1043  2331.535844  2340.000000    1438.906479   
14  -171      1043     1094  2335.320000  2611.100098  -47158.396699   
15   134      1094     1204  2616.322298  2944.000000   43908.812088   
16  -134      1204     1219  2938.112000  3107.649902  -22718.078914   
17   119      1219     1233  3113.865202  2984.800049  -15358.753245   

    ReturnPct  EntryTime   ExitTime Duration  
0   -0.139237 2020-02-28 2020-06-02  95 days  
1    0.284456 2020-06-02 2020-11-24 175 days  
2   -0.106337 2020-11-24 2021-03-08 104 days  
3   -0.118664 2021-03-08 2021-05-11  64 days  
4   -0.174621 2021-05-11 2021-06-16  36 days  
5    0.051396 2021-06-16 2022-01-03 201 days  
6   -0.123219 2022-01-03 2022-04-05  92 days  
7   -0.058877 2022-04-05 2022-07-22 108 days  
8   -0.001683 2022-07-22 2022-09-19  59 days  
9   -0.035759 2022-09-19 2022-10-07  18 days  
10  -0.137761 2022-10-07 2022-12-01  55 days  
11  -0.156257 2022-12-01 2023-02-02  63 days  
12  -0.089755 2023-02-02 2023-05-29 116 days  
13   0.003630 2023-05-29 2023-10-13 137 days  
14  -0.118091 2023-10-13 2023-12-29  77 days  
15   0.125244 2023-12-29 2024-06-13 167 days  
16  -0.057703 2024-06-13 2024-07-05  22 days  
17  -0.041449 2024-07-05 2024-07-26  21 days  "
510,2019-07-29 00:00:00
511,2024-07-26 00:00:00
512,1824 days 00:00:00
513,87.84440842787681
514,3537553.65414911
515,3793021.6541491095
516,253.75536541491098
517,150.85806946752592
518,29.435321836678696
519,37.83897305897529
520,0.7779101666105266
521,1.5724409433314714
522,0.9973000443486261
523,-29.515011057583983
524,-6.338637460894104
525,714 days 00:00:00
526,41 days 00:00:00
527,14
528,57.14285714285714
529,133.66508991150118
530,-12.214171200985312
531,9.444994699924836
532,522 days 00:00:00
533,115 days 00:00:00
534,6.357746665394094
535,13.226783595051087
536,1.19530922888783
537,SmaCross
538,"                  Equity  DrawdownPct DrawdownDuration
2019-07-29  1.000000e+06     0.000000              NaT
2019-07-30  1.000000e+06     0.000000              NaT
2019-07-31  1.000000e+06     0.000000              NaT
2019-08-01  1.000000e+06     0.000000              NaT
2019-08-02  1.000000e+06     0.000000              NaT
...                  ...          ...              ...
2024-07-22  3.672198e+06     0.031854              NaT
2024-07-23  3.618173e+06     0.046098              NaT
2024-07-24  3.568335e+06     0.059237              NaT
2024-07-25  3.553677e+06     0.063101              NaT
2024-07-26  3.537554e+06     0.067352          53 days

[1234 rows x 3 columns]"
539,"    Size  EntryBar  ExitBar  EntryPrice   ExitPrice           PnL  ReturnPct  \
0  -3853       150      249  259.529888  193.350006  2.549911e+05   0.254999   
1   6477       249      315  193.736706  216.000000  1.441994e+05   0.114915   
2  -6490       315      316  215.568000  219.000000 -2.227368e+04  -0.015921   
3   6274       316      670  219.438000  512.750000  1.840239e+06   1.336651   
4  -6286       670      687  511.724500  477.000000  2.182782e+05   0.067858   
5   7187       687      693  477.954000  467.899994 -7.225814e+04  -0.021036   
6  -7202       693      751  466.964194  524.000000 -4.107719e+05  -0.122142   
7   5623       751      882  525.048000  546.849976  1.225925e+05   0.041524   
8  -5634       882      948  545.756276  590.000000 -2.492691e+05  -0.081069   
9   4779       948     1030  591.180000  601.500000  4.931928e+04   0.017457   
10 -4789      1030     1058  600.297000  582.000000  8.762433e+04   0.030480   
11  5080      1058     1062  583.164000  577.799988 -2.724918e+04  -0.009198   
12 -5090      1062     1089  576.644388  632.150024 -2.825237e+05  -0.096256   
13  4188      1089     1233  633.414324  844.650024  8.846551e+05   0.333487   

    EntryTime   ExitTime Duration  
0  2020-03-09 2020-08-04 148 days  
1  2020-08-04 2020-11-05  93 days  
2  2020-11-05 2020-11-06   1 days  
3  2020-11-06 2022-04-12 522 days  
4  2022-04-12 2022-05-10  28 days  
5  2022-05-10 2022-05-18   8 days  
6  2022-05-18 2022-08-08  82 days  
7  2022-08-08 2023-02-16 192 days  
8  2023-02-16 2023-05-29 102 days  
9  2023-05-29 2023-09-25 119 days  
10 2023-09-25 2023-11-06  42 days  
11 2023-11-06 2023-11-10   4 days  
12 2023-11-10 2023-12-21  41 days  
13 2023-12-21 2024-07-26 218 days  "
540,2019-07-29 00:00:00
541,2024-07-26 00:00:00
542,1824 days 00:00:00
543,88.16855753646678
544,944464.8268426514
545,1130606.608
546,-5.553517315734865
547,297.69169436175605
548,-1.160032890822149
549,26.06365099715731
550,0.0
551,0.0
552,0.0
553,-45.84731504818789
554,-20.6594740038337
555,1586 days 00:00:00
556,536 days 00:00:00
557,11
558,36.36363636363637
559,46.24596959926301
560,-23.573280470227708
561,-0.5182054194450947
562,369 days 00:00:00
563,146 days 00:00:00
564,1.1919946931223304
565,1.3535803946548046
566,-0.10344321008130683
567,SmaCross
568,"                  Equity  DrawdownPct DrawdownDuration
2019-07-29  1.000000e+06     0.000000              NaT
2019-07-30  1.000000e+06     0.000000              NaT
2019-07-31  1.000000e+06     0.000000              NaT
2019-08-01  1.000000e+06     0.000000              NaT
2019-08-02  1.000000e+06     0.000000              NaT
...                  ...          ...              ...
2024-07-22  1.001638e+06     0.114071              NaT
2024-07-23  9.918336e+05     0.122742              NaT
2024-07-24  9.795528e+05     0.133604              NaT
2024-07-25  9.476640e+05     0.161809              NaT
2024-07-26  9.444648e+05     0.164639        1586 days

[1234 rows x 3 columns]"
569,"    Size  EntryBar  ExitBar   EntryPrice    ExitPrice            PnL  \
0  -2679       146      194   373.252000   447.000000 -197570.892000   
1   1791       194      310   447.894000   463.000000   27054.846000   
2  -1795       310      343   462.074000   571.000000 -195522.170000   
3   1108       343      592   572.142000   768.000000  217010.664000   
4  -1110       592      617   766.464000   804.000000  -41664.960000   
5   1004       617      716   805.608000   801.000000   -4626.432000   
6  -1006       716      763   799.398000   882.299988  -83399.399720   
7    815       763      895   884.064588   960.000000   61887.360969   
8   -817       895      975   958.080000  1040.000000  -66928.640000   
9    687       975     1202  1042.080000  1524.000000  331079.040000   
10  -688      1202     1233  1520.952000  1670.449951 -102854.590406   

    ReturnPct  EntryTime   ExitTime Duration  
0   -0.197582 2020-03-03 2020-05-18  76 days  
1    0.033727 2020-05-18 2020-10-29 164 days  
2   -0.235733 2020-10-29 2020-12-16  48 days  
3    0.342324 2020-12-16 2021-12-20 369 days  
4   -0.048973 2021-12-20 2022-01-24  35 days  
5   -0.005720 2022-01-24 2022-06-20 147 days  
6   -0.103706 2022-06-20 2022-08-26  67 days  
7    0.085894 2022-08-26 2023-03-08 194 days  
8   -0.085504 2023-03-08 2023-07-06 120 days  
9    0.462460 2023-07-06 2024-06-11 341 days  
10  -0.098292 2024-06-11 2024-07-26  45 days  "
570,2019-07-29 00:00:00
571,2024-07-26 00:00:00
572,1824 days 00:00:00
573,87.76337115072933
574,658115.2004920504
575,3132089.5853918917
576,-34.188479950794964
577,713.0134671151749
578,-8.188999550691767
579,43.07942998682343
580,0.0
581,0.0
582,0.0
583,-90.5888490702382
584,-13.293445573117776
585,1138 days 00:00:00
586,105 days 00:00:00
587,9
588,22.22222222222222
589,180.5138611118541
590,-73.5780693119032
591,-4.582926076824134
592,501 days 00:00:00
593,178 days 00:00:00
594,1.9374012898648083
595,16.684087933559656
596,-0.12147437251544563
597,SmaCross
598,"                    Equity  DrawdownPct DrawdownDuration
2019-07-29  1000000.000000     0.000000              NaT
2019-07-30  1000000.000000     0.000000              NaT
2019-07-31  1000000.000000     0.000000              NaT
2019-08-01  1000000.000000     0.000000              NaT
2019-08-02  1000000.000000     0.000000              NaT
...                    ...          ...              ...
2024-07-22   735548.142453     0.765157              NaT
2024-07-23   736539.069333     0.764841              NaT
2024-07-24   717528.496213     0.770911              NaT
2024-07-25   671102.996213     0.785733              NaT
2024-07-26   658115.200492     0.789880        1138 days

[1234 rows x 3 columns]"
599,"   Size  EntryBar  ExitBar   EntryPrice    ExitPrice           PnL  ReturnPct  \
0 -9556       151      233   104.640298   108.849998 -4.022789e+04  -0.040230   
1  8799       233      507   109.067698   305.950012  1.732367e+06   1.805139   
2 -8816       507      548   305.338112   530.000000 -1.980619e+06  -0.735781   
3  1339       548      647   531.060000   394.950012 -1.822513e+05  -0.256299   
4 -1342       647      750   394.160112   468.899994 -1.003009e+05  -0.189618   
5   913       750      797   469.837794   394.000000 -6.923991e+04  -0.161413   
6  -914       797      883   393.212000   436.000000 -3.910823e+04  -0.108817   
7   733       883     1216   436.872000  1004.049988  4.157415e+05   1.298270   
8  -734      1216     1233  1002.041888  1111.949951 -8.067252e+04  -0.109684   

   EntryTime   ExitTime Duration  
0 2020-03-11 2020-07-13 124 days  
1 2020-07-13 2021-08-16 399 days  
2 2021-08-16 2021-10-14  59 days  
3 2021-10-14 2022-03-09 146 days  
4 2022-03-09 2022-08-05 149 days  
5 2022-08-05 2022-10-17  73 days  
6 2022-10-17 2023-02-17 123 days  
7 2023-02-17 2024-07-02 501 days  
8 2024-07-02 2024-07-26  24 days  "
600,2019-07-29 00:00:00
601,2024-07-26 00:00:00
602,1824 days 00:00:00
603,90.76175040518638
604,928911.4537875975
605,1383066.6094052733
606,-7.108854621240251
607,106.00235200264085
608,-1.494629384839874
609,22.44545715683909
610,0.0
611,0.0
612,0.0
613,-33.52009370015491
614,-7.407809708616682
615,1045 days 00:00:00
616,117 days 00:00:00
617,14
618,35.714285714285715
619,56.4940637823276
620,-14.672550238568583
621,-0.5714573383293176
622,355 days 00:00:00
623,119 days 00:00:00
624,1.1179251257129499
625,0.6264733622602333
626,-0.1338251343781153
627,SmaCross
628,"                    Equity  DrawdownPct DrawdownDuration
2019-07-29  1000000.000000     0.000000              NaT
2019-07-30  1000000.000000     0.000000              NaT
2019-07-31  1000000.000000     0.000000              NaT
2019-08-01  1000000.000000     0.000000              NaT
2019-08-02  1000000.000000     0.000000              NaT
...                    ...          ...              ...
2024-07-22   939613.606913     0.320630              NaT
2024-07-23   935578.606913     0.323548              NaT
2024-07-24   934529.533182     0.324306              NaT
2024-07-25   930158.283182     0.327467              NaT
2024-07-26   928911.453788     0.328368        1045 days

[1234 rows x 3 columns]"
629,"    Size  EntryBar  ExitBar   EntryPrice    ExitPrice            PnL  \
0    448       114      152  2231.403851  1904.000000 -146676.925281   
1   -449       152      217  1900.192000  2042.000000  -63671.792000   
2    385       217      460  2046.084000  3202.000000  445027.660000   
3   -386       460      467  3195.596000  3350.899902  -59947.306305   
4    349       467      583  3357.601702  3562.500000   71509.505950   
5   -350       583      614  3555.375000  4012.000000 -159818.750000   
6    270       614      664  4020.024000  3762.000000  -69666.480000   
7   -270       664      826  3754.476000  3383.000000  100298.520000   
8    329       826      913  3389.766000  3185.500000  -67203.514000   
9   -330       913      979  3179.129000  3280.949951  -33600.913887   
10   309       979     1079  3287.511851  3605.000000   98103.838018   
11  -309      1079     1087  3597.790000  3845.000000  -76387.890000   
12   269      1087     1185  3852.690000  3891.100098   10332.316270   
13  -269      1185     1233  3883.317897  4350.000000 -125537.485583   

    ReturnPct  EntryTime   ExitTime Duration  
0   -0.146726 2020-01-16 2020-03-12  56 days  
1   -0.074628 2020-03-12 2020-06-19  99 days  
2    0.564941 2020-06-19 2021-06-09 355 days  
3   -0.048599 2021-06-09 2021-06-18   9 days  
4    0.061025 2021-06-18 2021-12-07 172 days  
5   -0.128432 2021-12-07 2022-01-19  43 days  
6   -0.064185 2022-01-19 2022-04-04  75 days  
7    0.098942 2022-04-04 2022-11-29 239 days  
8   -0.060260 2022-11-29 2023-04-05 127 days  
9   -0.032028 2023-04-05 2023-07-12  98 days  
10   0.096574 2023-07-12 2023-12-07 148 days  
11  -0.068712 2023-12-07 2023-12-19  12 days  
12   0.009970 2023-12-19 2024-05-16 149 days  
13  -0.120176 2024-05-16 2024-07-26  71 days  "
